Workbook

Sheet Risk Summary
A1: Risk Summary
A3: Risk ID | B3: Risk scenario | C3: Risk score | D3: Risk level | F3: Risk level | G3: Count
A4: ='Risk Assessment'!A5 -> R-001 | B4: ='Risk Assessment'!B5 -> Unapproved source change made with a stolen developer credential | C4: ='Risk Assessment'!L5 -> 15 | D4: ='Risk Assessment'!M5 -> High | F4: Critical | G4: =COUNTIF($D$4:$D$23,F4) -> 1
A5: ='Risk Assessment'!A6 -> R-002 | B5: ='Risk Assessment'!B6 -> Erroneous or harmful change introduced by a developer | C5: ='Risk Assessment'!L6 -> 15 | D5: ='Risk Assessment'!M6 -> High | F5: High | G5: =COUNTIF($D$4:$D$23,F5) -> 14
A6: ='Risk Assessment'!A7 -> R-003 | B6: ='Risk Assessment'!B7 -> Source control or CI pipeline tools unavailable during an urgent OT patch | C6: ='Risk Assessment'!L7 -> 6 | D6: ='Risk Assessment'!M7 -> Medium | F6: Medium | G6: =COUNTIF($D$4:$D$23,F6) -> 5
A7: ='Risk Assessment'!A8 -> R-004 | B7: ='Risk Assessment'!B8 -> Known-vulnerable dependency added to the build | C7: ='Risk Assessment'!L8 -> 12 | D7: ='Risk Assessment'!M8 -> High | F7: Low | G7: =COUNTIF($D$4:$D$23,F7) -> 0
A8: ='Risk Assessment'!A9 -> R-005 | B8: ='Risk Assessment'!B9 -> Malicious or typosquatted dependency or base image pulled into the build | C8: ='Risk Assessment'!L9 -> 15 | D8: ='Risk Assessment'!M9 -> High | F8: Total | G8: =SUM(G4:G7) -> 20
A9: ='Risk Assessment'!A10 -> R-006 | B9: ='Risk Assessment'!B10 -> Source code made publicly available | C9: ='Risk Assessment'!L10 -> 8 | D9: ='Risk Assessment'!M10 -> Medium
A10: ='Risk Assessment'!A11 -> R-007 | B10: ='Risk Assessment'!B11 -> Unapproved change to the CI pipeline definition (poisoned pipeline execution) | C10: ='Risk Assessment'!L11 -> 15 | D10: ='Risk Assessment'!M11 -> High
A11: ='Risk Assessment'!A12 -> R-008 | B11: ='Risk Assessment'!B12 -> CI build agent compromised or persistent between jobs | C11: ='Risk Assessment'!L12 -> 15 | D11: ='Risk Assessment'!M12 -> High
A12: ='Risk Assessment'!A13 -> R-009 | B12: ='Risk Assessment'!B13 -> Secrets exfiltrated from the Secret Vault or CI jobs | C12: ='Risk Assessment'!L13 -> 15 | D12: ='Risk Assessment'!M13 -> High
A13: ='Risk Assessment'!A14 -> R-010 | B13: ='Risk Assessment'!B14 -> Image scanning bypassed or result ignored before publish | C13: ='Risk Assessment'!L14 -> 12 | D13: ='Risk Assessment'!M14 -> High
A14: ='Risk Assessment'!A15 -> R-011 | B14: ='Risk Assessment'!B15 -> SBOM or scan evidence altered inside the pipeline | C14: ='Risk Assessment'!L15 -> 12 | D14: ='Risk Assessment'!M15 -> High
A15: ='Risk Assessment'!A16 -> R-012 | B15: ='Risk Assessment'!B16 -> Signing key or signing step misused in CI | C15: ='Risk Assessment'!L16 -> 10 | D15: ='Risk Assessment'!M16 -> Medium
A16: ='Risk Assessment'!A17 -> R-013 | B16: ='Risk Assessment'!B17 -> Unauthorized or undefined IT→OT image promotion | C16: ='Risk Assessment'!L17 -> 20 | D16: ='Risk Assessment'!M17 -> Critical
A17: ='Risk Assessment'!A18 -> R-014 | B17: ='Risk Assessment'!B18 -> Site local storage tampered or poisoned | C17: ='Risk Assessment'!L18 -> 10 | D17: ='Risk Assessment'!M18 -> Medium
A18: ='Risk Assessment'!A19 -> R-015 | B18: ='Risk Assessment'!B19 -> Deploy controller compromised or over-privileged | C18: ='Risk Assessment'!L19 -> 15 | D18: ='Risk Assessment'!M19 -> High
A19: ='Risk Assessment'!A20 -> R-016 | B19: ='Risk Assessment'!B20 -> Workload deployed with privileged runtime settings | C19: ='Risk Assessment'!L20 -> 15 | D19: ='Risk Assessment'!M20 -> High
A20: ='Risk Assessment'!A21 -> R-017 | B20: ='Risk Assessment'!B21 -> Vulnerability disclosed after release goes undetected in OT | C20: ='Risk Assessment'!L21 -> 16 | D20: ='Risk Assessment'!M21 -> High
... A23: ='Risk Assessment'!A24 -> R-020 | B23: ='Risk Assessment'!B24 -> Operations team insider misuses CI or vault administration | C23: ='Risk Assessment'!L24 -> 10 | D23: ='Risk Assessment'!M24 -> Medium

Sheet Risk Assessment
A1: CI/CD for OT – Risk Assessment
A2: Focus: likelihood-driven risk assessment
A4: Risk ID | B4: Risk scenario | C4: STRIDE category | D4: MITRE TTPs | E4: Threat scenario | F4: Potential OT impact | G4: Primary asset/process | H4: Business priority | I4: Likelihood rationale | J4: Likelihood (1-5) | K4: Impact (1-5) | L4: Risk score | M4: Risk level | N4: Primary mitigation strategy | O4: Action owner / notes | P4: Diagram reference
A5: R-001 | B5: Unapproved source change made with a stolen developer credential | C5: Spoofing / Tampering / Repudiation | D5: T1078 Valid Accounts; T1528 Steal Application Access Token; T1195.002 Compromise Software Supply Chain | E5: Using a stolen authentication token or session, an attacker pushes or merges code to source control (T01). | F5: Malicious logic built and shipped to OT workloads as a trusted release. | G5: Source Control | H5: Critical | I5: Developer tokens and sessions are frequently phished or leaked; one push can reach every site. | J5: 3 | K5: 5 | L5: =J5*K5 -> 15 | M5: =IF(L5>=20,"Critical",IF(L5>=12,"High",IF(L5>=6,"Medium","Low"))) -> High | N5: Phishing-resistant MFA, no long-lived PATs, signed commits, branch protection with 4-eyes review, SCM audit log to SIEM. | O5: DevSecOps / IAM | P5: AV01 · T01 → Source Control
A6: R-002 | B6: Erroneous or harmful change introduced by a developer | C6: Tampering | D6: N/A – unintentional (no adversary TTP) | E6: A developer makes an erroneous or harmful change that is merged and released (T03). | F6: Faulty application behaviour on the line; unplanned downtime or wrong process data. | G6: Source Control | H6: High | I6: Human error is routine; impact depends on review and test depth. | J6: 3 | K6: 5 | L6: =J6*K6 -> 15 | M6: =IF(L6>=20,"Critical",IF(L6>=12,"High",IF(L6>=6,"Medium","Low"))) -> High | N6: Branch protection, pull requests with 4-eyes principle, CODEOWNERS on OT-critical paths, required unit/integration tests and SAST. | O6: Development teams | P6: AV02 · T03 → Source Control
A7: R-003 | B7: Source control or CI pipeline tools unavailable during an urgent OT patch | C7: Denial of Service | D7: T1499 Endpoint Denial of Service; T1498 Network Denial of Service | E7: A DDoS or outage against central SCM/CI services prevents building and releasing a fix. | F7: Unable to patch OT systems for the duration of the downtime; prolonged exposure to an active CVE. | G7: Source Control / CI Pipeline | H7: Medium | I7: Running OT workloads do not depend on central CI, so only urgent changes are affected. | J7: 2 | K7: 3 | L7: =J7*K7 -> 6 | M7: =IF(L7>=20,"Critical",IF(L7>=12,"High",IF(L7>=6,"Medium","Low"))) -> Medium | N7: HA and backups for SCM/CI, documented break-glass build path, site keeps last approved releases for rollback. | O7: Operations Team | P7: Source Control / CI Pipeline
A8: R-004 | B8: Known-vulnerable dependency added to the build | C8: Tampering | D8: T1195.001 Compromise Software Dependencies and Development Tools | E8: A dependency is upgraded or added at a version with a known vulnerability. | F8: Exploitable component runs in OT workloads; possible remote code execution on the edge node. | G8: Build Tool / SCA & SAST Scanner | H8: High | I8: Dependency drift is constant; likelihood is high without SCA gating. | J8: 4 | K8: 3 | L8: =J8*K8 -> 12 | M8: =IF(L8>=20,"Critical",IF(L8>=12,"High",IF(L8>=6,"Medium","Low"))) -> High | N8: SCA as a blocking gate with severity policy, lockfiles and pinned versions, dependency proxy, automated update PRs (Renovate/Dependabot). | O8: DevSecOps | P8: Build Tool → SCA & SAST Scanner
A9: R-005 | B9: Malicious or typosquatted dependency or base image pulled into the build | C9: Tampering | D9: T1195.001 Compromise Software Dependencies and Development Tools; T1204.003 Malicious Image | E9: Build resolves a malicious public package, a dependency-confusion name, or a compromised base image. | F9: Backdoor compiled into a released image and trusted by every OT site. | G9: Build Tool / Image Builder | H9: Critical | I9: Supply-chain package attacks are frequent and bypass source review. | J9: 3 | K9: 5 | L9: =J9*K9 -> 15 | M9: =IF(L9>=20,"Critical",IF(L9>=12,"High",IF(L9>=6,"Medium","Low"))) -> High | N9: All packages and base images via Artifactory/Nexus proxy, namespace reservation for internal packages, approved base-image catalog, pinning by digest. | O9: DevSecOps / Platform | P9: Build Tool / Image Builder (no AV yet)
A10: R-006 | B10: Source code made publicly available | C10: Information Disclosure | D10: T1213.003 Data from Information Repositories: Code Repositories | E10: Misconfiguration of project access or a leaked clone exposes source code. | F10: Disclosure of OT endpoints, protocols, internal topology and possibly embedded credentials. | G10: Source Control | H10: Medium | I10: Project visibility is inherited from organisation settings, which lowers likelihood. | J10: 2 | K10: 4 | L10: =J10*K10 -> 8 | M10: =IF(L10>=20,"Critical",IF(L10>=12,"High",IF(L10>=6,"Medium","Low"))) -> Medium | N10: Organisation-enforced private visibility, secret scanning with push protection, periodic access review. | O10: DevSecOps | P10: Source Control
A11: R-007 | B11: Unapproved change to the CI pipeline definition (poisoned pipeline execution) | C11: Tampering / Elevation of Privilege | D11: T1195.002 Compromise Software Supply Chain; T1078 Valid Accounts; T1059 Command and Scripting Interpreter | E11: Using an authentication token, an attacker modifies the CI pipeline configuration or a shared library to skip gates or inject steps. | F11: Security gates silently bypassed; malicious artifact produced with valid provenance. | G11: CI Pipeline definitions | H11: Critical | I11: Pipeline files are often less protected than application code. | J11: 3 | K11: 5 | L11: =J11*K11 -> 15 | M11: =IF(L11>=20,"Critical",IF(L11>=12,"High",IF(L11>=6,"Medium","Low"))) -> High | N11: CODEOWNERS and 4-eyes on Jenkinsfile/pipeline paths, central versioned pipeline templates, no privileged jobs from PRs, OIDC workload identity. | O11: DevSecOps / Operations Team | P11: Operations Team → CI Pipeline (no AV yet)
A12: R-008 | B12: CI build agent compromised or persistent between jobs | C12: Tampering / Elevation of Privilege | D12: T1611 Escape to Host; T1525 Implant Internal Image; T1053 Scheduled Task/Job | E12: Long-lived or shared runners, or an exposed docker.sock, let one job tamper with later builds. | F12: Every image built on the agent can be backdoored; credentials on the agent stolen. | G12: CI Pipeline runners | H12: High | I12: Shared, long-lived agents are common in Jenkins estates. | J12: 3 | K12: 5 | L12: =J12*K12 -> 15 | M12: =IF(L12>=20,"Critical",IF(L12>=12,"High",IF(L12>=6,"Medium","Low"))) -> High | N12: Ephemeral single-use agents, rootless image builds (Kaniko/BuildKit), no docker.sock, egress allow-list, separate pools per trust level. | O12: Operations Team | P12: CI Pipeline (no AV yet)
A13: R-009 | B13: Secrets exfiltrated from the Secret Vault or CI jobs | C13: Information Disclosure / Elevation of Privilege | D13: T1552 Unsecured Credentials; T1528 Steal Application Access Token | E13: Attacker reads vault paths or CI environment and logs to obtain registry, signing or deployment credentials (T01). | F13: Credentials enable image push, promotion or deployment to OT. | G13: Secret Vault | H13: Critical | I13: Vault is a high-value target; CI jobs often over-scope secret access. | J13: 3 | K13: 5 | L13: =J13*K13 -> 15 | M13: =IF(L13>=20,"Critical",IF(L13>=12,"High",IF(L13>=6,"Medium","Low"))) -> High | N13: Short-lived dynamic secrets, per-pipeline least-privilege policies, log masking, vault audit to SIEM, rotation by Operations Team. | O13: Operations Team / Security | P13: AV04 · T01 → Secret Vault
A14: R-010 | B14: Image scanning bypassed or result ignored before publish | C14: Tampering | D14: T1685 Disable or Modify Tools; T1525 Implant Internal Image | E14: Attacker or rushed operator publishes an image that skipped or failed scanning (T01). | F14: Unscanned or vulnerable image is published and promoted to OT. | G14: Image Scanning → publish | H14: High | I14: Gates are often advisory rather than blocking. | J14: 3 | K14: 4 | L14: =J14*K14 -> 12 | M14: =IF(L14>=20,"Critical",IF(L14>=12,"High",IF(L14>=6,"Medium","Low"))) -> High | N14: Blocking scan gate, publish only from the pipeline identity, signed scan attestation bound to digest. | O14: DevSecOps | P14: AV03 · T01 → Image Scanning / publish
A15: R-011 | B15: SBOM or scan evidence altered inside the pipeline | C15: Tampering / Repudiation | D15: T1525 Implant Internal Image; T1070 Indicator Removal | E15: A pipeline step or operator changes the SBOM or scan report before it is attached to the image. | F15: Unsafe image promoted with false assurance; weak incident evidence. | G15: SBOM / Image Scanning | H15: High | I15: Evidence files are often plain artifacts with broad write access. | J15: 3 | K15: 4 | L15: =J15*K15 -> 12 | M15: =IF(L15>=20,"Critical",IF(L15>=12,"High",IF(L15>=6,"Medium","Low"))) -> High | N15: Generate SBOM from the built image digest, sign SBOM and scan results as attestations, restrict write access to the pipeline identity. | O15: DevSecOps | P15: SBOM / Image Scanning (no AV yet)
A16: R-012 | B16: Signing key or signing step misused in CI | C16: Spoofing / Tampering | D16: T1528 Steal Application Access Token; T1078 Valid Accounts | E16: An attacker with pipeline or vault access signs an image that did not pass the gates. | F16: Malicious image carries a valid signature and passes site verification. | G16: Signing step / Secret Vault | H16: Critical | I16: Strong key protection lowers likelihood, but impact is severe. | J16: 2 | K16: 5 | L16: =J16*K16 -> 10 | M16: =IF(L16>=20,"Critical",IF(L16>=12,"High",IF(L16>=6,"Medium","Low"))) -> Medium | N16: Keys in KMS/HSM, signing only from the protected-branch pipeline identity after all gates, signing audit and anomaly alerts. | O16: PKI / DevSecOps | P16: CI Pipeline → Secret Vault (no signing step in diagram yet)
... A24: R-020 | B24: Operations team insider misuses CI or vault administration | C24: Tampering / Repudiation / Elevation of Privilege | D24: T1078 Valid Accounts; T1098 Account Manipulation | E24: An authorized operator alters jobs, grants rights or reads secrets beyond need (T02). | F24: Gates disabled or credentials exposed with legitimate access, hard to detect. | G24: CI Pipeline / Secret Vault | H24: High | I24: Admin roles are broad and rarely separated. | J24: 2 | K24: 5 | L24: =J24*K24 -> 10 | M24: =IF(L24>=20,"Critical",IF(L24>=12,"High",IF(L24>=6,"Medium","Low"))) -> Medium | N24: Separation of duties, JIT admin access, MFA, admin action alerts, quarterly access review. | O24: Security / Operations Team | P24: Operations Team → CI Pipeline / Secret Vault

Sheet Mitigation Roadmap
A1: Phase | B1: Priority | C1: Mitigation focus | D1: Related risks | E1: Expected likelihood effect
A2: Phase 1 | B2: Critical | C2: MFA and no long-lived tokens; branch protection with 4-eyes and CODEOWNERS on code and pipeline paths; central pipeline templates; defined two-person IT→OT promotion gate; signing only after all gates with keys in KMS/HSM; namespace-scoped deploy controller with signed desired state. | D2: R-001, R-002, R-007, R-012, R-013, R-015, R-020 | E2: Reduces likelihood of unapproved source, pipeline or promotion changes and of a validly signed malicious image.
A3: Phase 2 | B3: High | C3: Dependency proxy and pinning; SCA, SAST and image scanning as blocking gates; SBOM from the built image; signed scan and SBOM attestations; ephemeral rootless build agents; dynamic secrets from Vault. | D3: R-004, R-005, R-008, R-009, R-010, R-011 | E3: Reduces likelihood of supply-chain injection, unscanned images, tampered evidence and secret theft.
A4: Phase 3 | B4: High | C4: Admission control at site (signature and Pod Security restricted); digest-only pulls; default-deny network policy and egress allow-list to OT cells; integrity checks on local storage. | D4: R-014, R-015, R-016, R-018 | E4: Reduces likelihood that a malicious or misconfigured workload compromises the node, cluster or OT cells.
A5: Phase 4 | B5: Medium/High | C5: Central immutable logging for SCM, CI, vault, promotion and deployment; continuous re-scan and release revocation; SCM/CI availability and break-glass path; source visibility controls. | D5: R-003, R-006, R-017, R-019 | E5: Reduces likelihood of unnoticed pipeline abuse and stale vulnerable releases; shortens response time.

Sheet Scoring Model
A1: Likelihood Scale
A3: Score | B3: Likelihood | C3: Definition
A4: 1 | B4: Rare | C4: Highly unlikely; requires multiple control failures or unusual access.
A5: 2 | B5: Unlikely | C5: Possible but not expected; limited opportunity or compensating controls.
A6: 3 | B6: Possible | C6: Credible scenario; plausible in CI/CD and registry workflows.
A7: 4 | B7: Likely | C7: Expected under realistic attack conditions where controls are weak.
A8: 5 | B8: Almost Certain | C8: Highly probable without strong controls.
A10: Impact Scale
A12: Score | B12: Impact | C12: Definition
A13: 1 | B13: Negligible | C13: Minimal effect.
A14: 2 | B14: Minor | C14: Limited issue; short recovery.
A15: 3 | B15: Moderate | C15: Degraded OT security visibility or contained exposure.
A16: 4 | B16: Major | C16: Material OT monitoring blind spot or significant response impact.
A17: 5 | B17: Severe | C17: Persistent compromise or serious loss of trust.
A19: Risk Level Thresholds
A21: Score range | B21: Risk level | C21: Suggested response
A22: 1-5 | B22: Low | C22: Accept/monitor.
A23: 6-11 | B23: Medium | C23: Assign owner and mitigation plan.
A24: 12-19 | B24: High | C24: Prioritize mitigation and review.
A25: 20-25 | B25: Critical | C25: Immediate action or block path.

Sheet Source Notes
A1: Source diagram | B1: CI/CD for OT and IT threat model diagram (original version: IT CI pipeline, DMZ, Factory/OTPM Kubernetes; attack vectors AV01–AV08; threat agents T01–T03)
A3: Scope | B3: CI/CD project only: source control, CI pipeline, secrets use, signing, IT→OT promotion, site deploy controller, local storage and deployed workloads. Each project delivers its own threat model and risk assessment.
A5: Out of scope | B5: Image registries (IT and DMZ) and the IT→DMZ replication path belong to the Trusted Registries project. Diagram vectors AV05 and AV06 are covered there; this pipeline depends on those controls.
A7: Scoring formula | B7: Risk score = likelihood x impact.
A9: Scores and owners | B9: Likelihood, impact and action owners are proposals for stakeholder review.
A11: Diagram reference | B11: Links each risk to its attack vector (AVxx) and component. Rows marked 'no AV yet' are gaps to add to the diagram.
A13: MITRE TTPs | B13: MITRE ATT&CK Enterprise v20. CI/CD supply-chain techniques (T1195, T1213, T1059) come from the full Enterprise matrix, not the Containers view.
A15: Threat agents | B15: T01 Unauthorized user · T02 Authorized user · T03 Developer (as in the diagram).
